{
 "selftest_mpo_dev": 0.0,
 "selftest_ed_e0": -7.64696549242446,
 "selftest_dmrg_e0": -7.646965492424478,
 "anchor_n16_emid_mu0": 0.24089481735784657,
 "anchor_n16_emid_mu1": 0.42139144883477475,
 "n48_emid_mu0": 0.01733557966999988,
 "n48_emid_mu1": 0.40218792573733925
}