{
 "anchor_n10_q1_e0": -9.832162745084267,
 "anchor_n10_q1_e1": -9.100786034889992,
 "anchor_n10_q2_e0": -6.194527111678991,
 "anchor_n10_q2_e1": -5.571941775194235,
 "n64_x9_q1_gap": 2.1238419111822395,
 "n64_x9_q1_e0": -345.6850599863161,
 "n64_x9_q1_e1": -343.56121807513387,
 "n64_x9_q2_gap": 3.181557638795425,
 "n64_x9_q2_e0": -305.4532037537704,
 "n64_x9_q2_e1": -302.271646114975,
 "n64_x16_q1_gap": 3.0102012292254585,
 "n64_x16_q1_e0": -627.2109861705418,
 "n64_x16_q1_e1": -624.2007849413163,
 "n64_x16_q2_gap": 4.94929132205948,
 "n64_x16_q2_e0": -582.2989782722368,
 "n64_x16_q2_e1": -577.3496869501773
}