{
 "n64_x9_q1_gap": 3.9188971712064244,
 "n64_x9_q1_e0": -345.685059986317,
 "n64_x9_q1_e1": -341.7661628151106,
 "n64_x16_q1_gap": 5.1852047868934505,
 "n64_x16_q1_e0": -627.2109861705408,
 "n64_x16_q1_e1": -622.0257813836473
}