{
  "claim_id": "QRN-YUK-008",
  "delta_cut_nats": 35,
  "lnZ_mass": {
    "T1": -53.76939196753885,
    "T2_diag": -18.761895471783596,
    "T2_perm": -15.08385284645793,
    "T3_diag": -16.49182208026088,
    "T3_perm": -14.105415237562106
  },
  "lnZ_nine": {
    "T1": -63.570304530280374,
    "T2_perm": -19.8633455988844,
    "T3_diag": -21.843569407649575,
    "T3_perm_lo": -17.892320721514732,
    "T3_perm_hi": -17.89232072069365
  },
  "t3_wins_mass": true,
  "t3_wins_nine": true,
  "nine_decided": true,
  "pass": true
}