{
  "claim_id": "QRN-YUK-012",
  "lattice": 6,
  "plaquette_dev": 0.000000000000003164135620181696,
  "tilt_spread": 0.0000000000006901146321069973,
  "tilt_gap": 0.3194700034283908,
  "ctrl_spread": 0.0000000000007673861546209082,
  "ctrl_gap": 0.6388261503530268,
  "index_tilt": 3,
  "index_ctrl": 4,
  "band_mi_tilt": 0.006746327399554001,
  "band_mi_ctrl": -0.00000000000000005580989144631418,
  "pass": true
}