{
  "claim_id": "QRN-TOOL-001",
  "dense_dev": 0.00000000000014033219031261979,
  "torus2d_gap": 0.11467106266418226,
  "t4_gap": 0.31947000342790943,
  "t4_ms": 149,
  "jacobi_ms_reference": 594000,
  "max_residual": 0.0000000000007324081421332856,
  "pass": true
}