{
  "version": "v15.3",
  "model": "Z2GaugeRing L=14 nf=7 w=1 h=0.6 m=0.2",
  "dim": 6864,
  "e_gs": -15.062644141203574,
  "adjacency": 1,
  "sigma_string": [
    0,
    0.3819503858888584,
    0.7635280007411893,
    1.1443877025430629
  ],
  "gap": [
    0.08363722701789378,
    1.2470795956368832,
    1.7177450567249348,
    2.1284940993627366
  ],
  "front_v": [
    1.171137136380808,
    1.0606808090774553,
    0.696378830083567
  ],
  "h_grid_sigma": [
    0,
    0.2,
    0.4,
    0.6
  ],
  "h_grid_front": [
    0,
    0.6,
    1.2
  ],
  "string_breaking_de": [
    0,
    0.622809527648819,
    1.6214923937559789,
    1.4327132859561864,
    1.5077778880919706
  ],
  "ds_quench": [
    0.3694834984962081,
    0.02815428917857593
  ]
}