{
  "version": "v15.5",
  "lnz_uniform": -19.863345598885232,
  "lnz_diag_regression": -23.611871684366445,
  "oracle_maxll": -5.873708722043661,
  "lnz_mdl": -20.191206150850455,
  "lnz_robust_marg": -23.80226374626143,
  "lnz_depth_marg": -514.3474377604059,
  "lnz_thermo_marg": -19.548337585623273,
  "lnz_variants": [
    -19.863345598885232,
    -20.191206150850455,
    -23.28725930649167,
    -24.922036136270787,
    -513.654290579846,
    -1021.1647745087415,
    -19.6444680601109,
    -19.460643143364525
  ]
}