{
  "version": "v15.7",
  "lnz_regression": -19.86334559907388,
  "vtd_median": 0.0021603176670949545,
  "vtd_68": [
    0.000946726796561254,
    0.0035617616892087297
  ],
  "vtd_95": [
    0.0001729513875109664,
    0.006995417410152017
  ],
  "vtd_pdg": 0.0086,
  "vtd_in95": false,
  "jarlskog_abs_median": 0.0000001149042497039246,
  "jarlskog_68": [
    0.0000001149042497039246,
    0.0000001149042497039246
  ],
  "jarlskog_95": [
    0.0000001149042497039246,
    0.0000001149042497039246
  ],
  "jarlskog_pdg": 0.0000308,
  "jarlskog_in95": false,
  "map_vtd": 0.0021221249610607813,
  "map_j": 0.00000000000000008446951363198785,
  "j_frac_above_1e-6": 0
}