{
  "version": "v16.12",
  "uniform": -23.121382245572292,
  "betas": [
    0.25,
    0.5,
    1,
    1.5,
    2,
    3,
    4,
    6,
    8
  ],
  "lnz_beta": [
    -21.605266928130423,
    -20.37015746590611,
    -19.783439537879147,
    -21.366498682530707,
    -23.84121550641658,
    -27.252017500034384,
    -29.26958356034466,
    -32.71591263081836,
    -35.694162116003305
  ],
  "lnz_inf": -8409.033830136592,
  "zg_inf": [
    -1438346.2821924519,
    -12414.774050305492,
    -10101.670489404116,
    -9976.011593751446,
    -10932.022879618564,
    -11943.711306254469,
    -1437713.4880192962,
    -12052.542300772637,
    -11585.497579560819,
    -11396.81065507192,
    -11781.157224975257,
    -1437436.2608877057,
    -11829.878132834388,
    -11182.724148338912,
    -11431.342050283143,
    -1438818.7556562342,
    -10571.808940070146,
    -12422.74792116405,
    -1437527.634876956,
    -8405.989307698868,
    -1435524.1266159771
  ]
}