{
  "version": "v16.13",
  "totals": [
    -23.121382245572292,
    -19.783439537879147,
    -19.989743160638515,
    -19.833336144442097,
    -19.888361410455108,
    -20.623215350513565,
    -20.20880125563672,
    -20.066531803385548
  ],
  "names": [
    "一様",
    "β=1 傾き",
    "flat1D bw=.25",
    "flat1D bw=.5",
    "flat1D bw=1",
    "flat2D bw=.25",
    "flat2D bw=.5",
    "flat2D bw=1"
  ],
  "slope_median": -0.19432219149818092,
  "slope_p10": -0.2376042803934826,
  "slope_p90": -0.004868266498416066
}