{
  "version": "v16.1",
  "flux_tilt": [
    3,
    3,
    1,
    -6
  ],
  "lnz9_regression": -34.88044520348151,
  "jmax_tilt": 0.00000002602733094325682,
  "j_median_posterior": 0.000000015537645744136165,
  "j_68": [
    0.000000015537645744136165,
    0.000000015537645744136165
  ],
  "p_j_above_1em6": 0,
  "map_j": -0.000000000000000012635561051106822,
  "map_vtd": 0.005295168778863028,
  "jmax_control_factorized": 0.00015566320521712693,
  "cp_born": false,
  "j_measured_pdg": 0.0000308
}