{
  "version": "v16.6",
  "lnz10_z6": -24.29302644889941,
  "lnz10_z12": -24.3340834799828,
  "delta": -0.04105703108339043,
  "vus_factor_z12": 2.771739251055374,
  "hits_z12": 12,
  "vus_factor_z6": 2.51
}