{
  "version": "v16.7",
  "rows": [
    {
      "n": 18,
      "s": 1,
      "lnz10": -24.29302644878191,
      "vus_factor": 2.5072278212025787,
      "hits": 12
    },
    {
      "n": 36,
      "s": 2,
      "lnz10": -22.263460484006387,
      "vus_factor": 2.572537770189946,
      "hits": 12
    }
  ]
}