{
  "version": "v17.13",
  "lnz_orig": -18.428780549748588,
  "lnz_conj": -18.42878055007528,
  "j_orig": -0.00003263375729327154,
  "j_conj": 0.00003263375729328594,
  "beta_deg_measured_branch": 15.195228232389569,
  "gamma_deg_measured_branch": 66.82047290879841
}