{
  "version": "v17.8",
  "rows": [
    {
      "ny": 36,
      "s1": 1,
      "s2": 3,
      "lnz_uniform": -21.982785163933727,
      "lnz_flat2d_binned": -18.801670986444517,
      "lnz_gauss_quad": -18.897228435118144,
      "qq_rms_max": 0.2532022325147424
    },
    {
      "ny": 36,
      "s1": 3,
      "s2": 3,
      "lnz_uniform": -21.75658084099605,
      "lnz_flat2d_binned": -19.71033603720846,
      "lnz_gauss_quad": -372.82328536068945,
      "qq_rms_max": 52.27685897218422
    },
    {
      "ny": 24,
      "s1": 3,
      "s2": 3,
      "lnz_uniform": -19.641100178618217,
      "lnz_flat2d_binned": -20.073024216536513,
      "lnz_gauss_quad": -337.8487956448712,
      "qq_rms_max": 53.54248341665933
    }
  ]
}