{
  "version": "v17.9",
  "windows": [
    {
      "ny": 36,
      "s1": 1,
      "s2": 3,
      "qq": 0.49736954078873946,
      "lnz": [
        -23.228174684009822,
        -25.41500246299109,
        -22.918289370159727,
        -22.680470373061794,
        -21.36914921087522,
        -20.150013217440858,
        -19.65782234431783,
        -21.710332153257056,
        -19.885348566185847,
        -19.73922453551566,
        -19.81914322892184,
        -20.564146748291435,
        -20.10387855021449,
        -19.98788221775373,
        -21.29670615090108
      ],
      "ut_map": [
        [
          -0.1341193831484289,
          -0.2844229299494516
        ],
        [
          -0.10313088883695365,
          -0.10732452589753429
        ],
        [
          -0.13409749414985808,
          -0.2804777836711053
        ],
        [
          -0.08905579842602271,
          -0.15272364002037359
        ],
        [
          -0.10370395191463153,
          -0.14150318385058386
        ],
        [
          -0.10370395191463153,
          -0.14150318385058386
        ],
        [
          -2.6358532534433734,
          -0.21842693683330636
        ],
        [
          -2.6358532534433734,
          -0.21842693683330636
        ],
        [
          -0.10207014145091824,
          -0.10325739828528255
        ],
        [
          -0.0913077239471459,
          -0.07332550201609775
        ],
        [
          -0.11379571099766839,
          -0.16964882707230824
        ],
        [
          -0.10207014145091824,
          -0.10325739828528255
        ],
        [
          -0.09872513639007433,
          -0.10639347977347972
        ],
        [
          -0.11379571099766839,
          -0.16964882707230824
        ],
        [
          -0.3079335751063925,
          -2.6868146032090157
        ]
      ]
    },
    {
      "ny": 36,
      "s1": 3,
      "s2": 3,
      "qq": 58.71750238846971,
      "lnz": [
        -23.106030238979315,
        -24.56212829880657,
        -22.820727731437422,
        -22.60705450612967,
        -515.6892849156924,
        -1022.7948759954314,
        -2037.5412194727742,
        -3052.3222898391223,
        -22.040245081323157,
        -21.841633069225878,
        -21.724641543603518,
        -21.02852052470427,
        -20.988043057299485,
        -20.778766679465996,
        -329.2407049686674
      ],
      "ut_map": [
        [
          -0.11949066372976402,
          -0.20635516287990663
        ],
        [
          -0.06011164681900835,
          -0.05624584666958167
        ],
        [
          -0.11157589720198113,
          -0.207348202639747
        ],
        [
          -0.11157589720198113,
          -0.207348202639747
        ],
        [
          -0.11157589720198113,
          -0.207348202639747
        ],
        [
          -0.10942870939812828,
          -0.14679411661834899
        ],
        [
          -0.1094287093981339,
          -0.14679411661835526
        ],
        [
          -0.1094287093981339,
          -0.14679411661835526
        ],
        [
          -0.10942870939812828,
          -0.14679411661834899
        ],
        [
          -0.10942870939812828,
          -0.14679411661834899
        ],
        [
          -0.11157589720198113,
          -0.207348202639747
        ],
        [
          -0.10942870939812828,
          -0.14679411661834899
        ],
        [
          -0.10942870939812828,
          -0.14679411661834899
        ],
        [
          -0.11468252255587057,
          -0.20620618990835654
        ],
        [
          -0.12066823882053339,
          -0.26493130138858983
        ]
      ]
    },
    {
      "ny": 24,
      "s1": 3,
      "s2": 3,
      "qq": 58.20985146528956,
      "lnz": [
        -20.107928495000586,
        -21.388354432881613,
        -19.614544483674123,
        -19.351892953194373,
        -513.6569457340952,
        -1022.1130235205196,
        -2039.6347586921565,
        -3056.7735916573088,
        -22.08681296014702,
        -22.309327719961253,
        -22.38852034931527,
        -19.932265270469408,
        -20.69303422744705,
        -21.337535395782574,
        -323.12019491445363
      ],
      "ut_map": [
        [
          -0.1694876043068443,
          -0.23602679605520116
        ],
        [
          -0.2128337658667419,
          -1.4973275200133616
        ],
        [
          -0.1694876043068443,
          -0.23602679605520116
        ],
        [
          2.787746046119291,
          0.11506073898612913
        ],
        [
          -0.13944412744902124,
          -0.33263815884028924
        ],
        [
          -0.155473940850239,
          -0.3316554610127497
        ],
        [
          -0.1550721629668069,
          -0.3311348669151815
        ],
        [
          -0.54813170456336,
          -0.3483329588078822
        ],
        [
          -0.5382729954329434,
          -0.2594496072776229
        ],
        [
          -0.15973465499202977,
          -0.5527741280008395
        ],
        [
          -0.15973465499202977,
          -0.5527741280008395
        ],
        [
          -0.1980083630083355,
          -0.30520149160599586
        ],
        [
          -0.11916582362347868,
          -0.14056593068394962
        ],
        [
          -0.11916582362347868,
          -0.14056593068394962
        ],
        [
          -0.1694876043068443,
          -0.23602679605520116
        ]
      ]
    }
  ],
  "vnames": [
    "UNIFORM",
    "MDL",
    "THERMO g=.5",
    "THERMO g=1",
    "DEPTH b=.25",
    "DEPTH b=.5",
    "DEPTH b=1",
    "DEPTH b=1.5",
    "FLAT1D .25",
    "FLAT1D .5",
    "FLAT1D 1",
    "FLAT2D .25",
    "FLAT2D .5",
    "FLAT2D 1",
    "GAUSSFLAT"
  ]
}