{
  "version": "v18.2",
  "rows": [
    {
      "nx": 36,
      "ny": 18,
      "lnz10": -18.4287805499438,
      "factors": [
        1.6688963512816386,
        1.8989031117159672,
        1.079256981757576,
        1.4925992607887568,
        1.0104912817410308,
        1.0121495987795568,
        1.0271546806451055,
        1.223442078716278,
        1.1743927728854286,
        1.0595375744608315,
        1.2516466210313226,
        1.2121916321182165
      ],
      "hits": 12,
      "ut_beta_deg": -15.195228232384128,
      "ut_gamma_deg": -66.82047290888447
    },
    {
      "nx": 72,
      "ny": 36,
      "lnz10": -19.18196904039459,
      "factors": [
        1.1752997829003096,
        3.2206129098612593,
        1.3044393307018318,
        1.1724849529833024,
        1.0125554778816082,
        1.0064271583130964,
        1.155512952517262,
        1.3816951422912223,
        1.0634155274089576,
        1.1866756770247295,
        1.2511176911899564,
        1.3759762108783076
      ],
      "hits": 12,
      "ut_beta_deg": -17.99121977885476,
      "ut_gamma_deg": -76.46670453345546
    }
  ]
}