{
  "version": "v18.4",
  "bands": [
    {
      "q": "s12",
      "q16": 0.0025,
      "q50": 0.0175,
      "q84": 0.3575,
      "obs": 0.307
    },
    {
      "q": "s23",
      "q16": 0.0025,
      "q50": 0.0025,
      "q84": 0.2775,
      "obs": 0.55
    },
    {
      "q": "s13",
      "q16": 0.00375,
      "q50": 0.04125,
      "q84": 0.34375,
      "obs": 0.022
    }
  ],
  "r_q16": 0.0000008525789688471989,
  "r_q50": 0.000026856571992874528,
  "r_q84": 0.01030629917800075,
  "p_jlep_positive": 0.4961177875143873,
  "n_singular": 0,
  "n_eval": 3285048960
}