{
  "version": "v18.5",
  "bands": [
    {
      "q": "s12",
      "q16": 0.0025,
      "q50": 0.0175,
      "q84": 0.3275,
      "obs": 0.307
    },
    {
      "q": "s23",
      "q16": 0.0025,
      "q50": 0.0025,
      "q84": 0.2625,
      "obs": 0.55
    },
    {
      "q": "s13",
      "q16": 0.00125,
      "q50": 0.03875,
      "q84": 0.32625,
      "obs": 0.022
    }
  ],
  "r_q16": 0.0000008525789688471989,
  "r_q50": 0.000013336578961877467,
  "r_q84": 0.006571586494929624,
  "p_jlep_positive": 0.495170551563154,
  "n_singular": 0,
  "p23_mid": 0.05898418288870937,
  "n_eval": 6570097920
}