{
  "version": "v18.6",
  "p_tail": 0.0590512569518329,
  "p_full_given_tail": 0.0003943465543325025,
  "odr_all": 0.38024850533541715,
  "odr_tail": 0.3844899891895366,
  "s23nu_tail": 0.629974046580622,
  "s23e_tail": 0.3083751393328483,
  "max_conc": 1.0881958996845407,
  "max_conc_feature": "σ_B=2"
}