{
  "version": "v18.7",
  "n_full_hit": 61900,
  "share_kn33": 0.019639888671507715,
  "kn_shares": [
    0.030971223122502986,
    0.027148881256349122,
    0.03847283468522483,
    0.04201013732406987,
    0.04302208122876433,
    0.04645567148899875,
    0.029504417784360935,
    0.025254803197001074,
    0.02945810456260583,
    0.023612287185020328,
    0.032064990673984835,
    0.032511352917982475,
    0.02736991345641081,
    0.025536112452646878,
    0.029593507308091415,
    0.025785641123643413,
    0.03380054975445584,
    0.046346052762123065,
    0.025236258221952107,
    0.02767171449951521,
    0.020860380734348247,
    0.019639888671507715,
    0.02212788691353924,
    0.03211386127820856,
    0.025483418785057957,
    0.025122278517844238,
    0.022536780283819315,
    0.016172877006373317,
    0.01705513313441324,
    0.024370067825318545,
    0.024867534610699217,
    0.026551708152249553,
    0.020409882366619326,
    0.022066817865890046,
    0.017711154979565873,
    0.021083793868940718
  ],
  "needle": {
    "kl": 8,
    "ke": 26,
    "sl": 3,
    "se": 2,
    "knu": 21,
    "snu": 2,
    "ip": 117
  },
  "kn_axis_tail": 10,
  "b_axis_tail": 86
}