{
  "version": "v19.3",
  "fisher": [
    {
      "n": 8,
      "pair": 0,
      "p12": 1.9928663573970908,
      "p23": 1.9752391089136063,
      "p34": 2.0275870443137127,
      "f": 1.890191414465621
    },
    {
      "n": 8,
      "pair": 1,
      "p12": 1.999874600603485,
      "p23": 1.9995438339642713,
      "p34": 1.999372892324074,
      "f": 5.208554146483752
    },
    {
      "n": 12,
      "pair": 0,
      "p12": 2.0117280795082317,
      "p23": 2.0619506818675495,
      "p34": 2.115685825098747,
      "f": 3.1765639517340976
    },
    {
      "n": 12,
      "pair": 1,
      "p12": 2.0045608920185316,
      "p23": 2.0124720115582297,
      "p34": 2.026438987842263,
      "f": 8.91091230278682
    }
  ],
  "branch_a": true
}