{
  "version": "v19.4",
  "rows": [
    {
      "d": 0.5,
      "r1": 0.9999488017531898,
      "r2": 0.793242584429676,
      "rk": 1.2605838832313578,
      "valid": true
    },
    {
      "d": 1.5,
      "r1": 0.9998895256564465,
      "r2": 0.8696213342647274,
      "rk": 1.1497910673829066,
      "valid": true
    },
    {
      "d": 2.5,
      "r1": 0.9473724783841799,
      "r2": -0.07025748478944749,
      "rk": -13.442364091469452,
      "valid": false
    },
    {
      "d": 3.5,
      "r1": 0.10068830126044072,
      "r2": 0.00014442679177895608,
      "rk": 699.7247942267695,
      "valid": false
    }
  ],
  "branch_a": false
}