{
  "version": "v19.5",
  "rows": [
    {
      "n": 8,
      "config": "йқҷжӯў kx=ПҖ/2",
      "s2_delta": 0.264751332649555,
      "tkk_mean": 0.47763312704359956,
      "q_delta": 2.7363061134130304,
      "s2_raw": 1.0220046412114001,
      "svac2": 0.7572533085618594
    },
    {
      "n": 8,
      "config": "з§»еӢ• kx=ПҖ/4",
      "s2_delta": 0.24605695015078025,
      "tkk_mean": 0.6360971038856096,
      "q_delta": 3.750659026922769,
      "s2_raw": 1.0033102587126386,
      "svac2": 0.7572533085618594
    },
    {
      "n": 12,
      "config": "йқҷжӯў kx=ПҖ/2",
      "s2_delta": 0.19151131579906092,
      "tkk_mean": 0.36146610139422936,
      "q_delta": 2.0796471815246473,
      "s2_raw": 0.02360224221285261,
      "svac2": -0.16790907358626475
    },
    {
      "n": 12,
      "config": "з§»еӢ• kx=ПҖ/4",
      "s2_delta": 0.21558097078571847,
      "tkk_mean": 0.5309029715998758,
      "q_delta": 3.120180779908602,
      "s2_raw": 0.04767189719948959,
      "svac2": -0.16790907358626475
    }
  ],
  "branch_a": true
}