{
  "version": "v19.7",
  "families": [
    {
      "name": "族A 壁波束対",
      "ratios": [
        1.088490294297596,
        1.1309299465752694,
        1.121059924597321,
        1.0229336821421615
      ],
      "f": 8.948572400479959,
      "astar": -1,
      "qsign": 1
    },
    {
      "name": "族B 粒子・正孔",
      "ratios": [
        0.9517980118894861,
        0.9232254854866865,
        0.7868189734853931,
        0.48144606262229145
      ],
      "f": 8.48345860667323,
      "astar": 1.5707963267948966,
      "qsign": -1
    }
  ],
  "branch_a": false
}