{
  "version": "v20.1",
  "mg_extrap": 0.5604559824631625,
  "mg_slope": 0.22385180322225667,
  "mg_n18": [
    0.7846476151671258,
    0.7179216064462289,
    0.6896997813661935,
    0.6728606585947343
  ],
  "screening": [
    {
      "mu": 0,
      "s_init": 0.1233190480411519,
      "s_tail": 0.09295221615610494
    },
    {
      "mu": 1,
      "s_init": 0.21314580614015632,
      "s_tail": 0.21029430829459983
    }
  ],
  "branch_a": false
}