{
  "version": "v20.2",
  "emid_mu0": 0.2183852671631939,
  "emid_mu1": 0.4192720321520259,
  "iw2_mu0": -0.15689887383233753,
  "iw2_mu1": -0.05755613790855735,
  "sigmas": [
    0.053482158336231045,
    0.2117200572173239,
    0.46218835119349944,
    0.6518239863273108
  ],
  "branch_a": false
}