{
  "version": "v20.3",
  "rhos": [
    0.9902441242621549,
    0.982568369914346,
    0.8933071134877008,
    0.06234555147569229
  ],
  "sig_init": [
    0.053706165595654554,
    0.21314595772872735,
    0.4713007643296052,
    0.8021463610227553
  ],
  "branch_a": true
}