{
  "version": "v20.4",
  "rows": [
    {
      "n": 12,
      "x": 2,
      "slope": 6.6060872364722085,
      "pred": 7.639437268410976,
      "mg_dyn": null,
      "mg_ref": 0.7175
    },
    {
      "n": 14,
      "x": 2,
      "slope": 7.705704680516126,
      "pred": 8.91267681314614,
      "mg_dyn": 0.47729390744490574,
      "mg_ref": 0.7179
    },
    {
      "n": 14,
      "x": 4,
      "slope": 7.563963600301757,
      "pred": 8.91267681314614,
      "mg_dyn": 0.5217795327527343,
      "mg_ref": 0.6725
    }
  ],
  "branch_a": false
}