{
  "t": [
    0,
    0.05,
    0.1,
    0.15000000000000002,
    0.2,
    0.25,
    0.30000000000000004,
    0.35000000000000003,
    0.4,
    0.45,
    0.5,
    0.55,
    0.6000000000000001,
    0.65,
    0.7000000000000001,
    0.75,
    0.8,
    0.8500000000000001,
    0.9,
    0.9500000000000001,
    1,
    1.05,
    1.1,
    1.1500000000000001,
    1.2000000000000002,
    1.25,
    1.3,
    1.35,
    1.4000000000000001,
    1.4500000000000002,
    1.5,
    1.55,
    1.6,
    1.6500000000000001,
    1.7000000000000002,
    1.75,
    1.8,
    1.85,
    1.9000000000000001,
    1.9500000000000002,
    2,
    2.0500000000000003,
    2.1,
    2.15,
    2.2,
    2.25,
    2.3000000000000003,
    2.35,
    2.4000000000000004,
    2.45,
    2.5,
    2.5500000000000003,
    2.6,
    2.6500000000000004,
    2.7,
    2.75,
    2.8000000000000003,
    2.85,
    2.9000000000000004,
    2.95,
    3,
    3.0500000000000003,
    3.1,
    3.1500000000000004,
    3.2,
    3.25,
    3.3000000000000003,
    3.35,
    3.4000000000000004,
    3.45,
    3.5,
    3.5500000000000003,
    3.6,
    3.6500000000000004,
    3.7,
    3.75,
    3.8000000000000003,
    3.85,
    3.9000000000000004,
    3.95,
    4,
    4.05,
    4.1000000000000005,
    4.15,
    4.2,
    4.25,
    4.3,
    4.3500000000000005,
    4.4,
    4.45,
    4.5,
    4.55,
    4.6000000000000005,
    4.65,
    4.7,
    4.75,
    4.800000000000001,
    4.8500000000000005,
    4.9,
    4.95,
    5,
    5.050000000000001,
    5.1000000000000005,
    5.15,
    5.2,
    5.25,
    5.300000000000001,
    5.3500000000000005,
    5.4,
    5.45,
    5.5,
    5.550000000000001,
    5.6000000000000005,
    5.65,
    5.7,
    5.75,
    5.800000000000001,
    5.8500000000000005,
    5.9,
    5.95,
    6,
    6.050000000000001,
    6.1000000000000005,
    6.15,
    6.2,
    6.25,
    6.300000000000001,
    6.3500000000000005,
    6.4,
    6.45,
    6.5
  ],
  "q5": [
    -0.00000000000017149680385909472,
    0.42898250573710145,
    0.8492965951889572,
    1.2528039069676131,
    1.6324034695351775,
    1.982485828765562,
    2.2992910107729765,
    2.5811165386779367,
    2.8283213628739245,
    3.043089933189362,
    3.228960565942841,
    3.39017676983656,
    3.530972086812133,
    3.654926584926509,
    3.764520836230416,
    3.86096140472591,
    3.9442789780128806,
    4.013634245857144,
    4.067730433819398,
    4.105231887551499,
    4.125115107091823,
    4.126913744605505,
    4.1108471103443955,
    4.077837335431038,
    4.029427060420861,
    3.9676139567690534,
    3.894624531617886,
    3.8126568269226953,
    3.7236261479057013,
    3.6289465072657405,
    3.529372436397695,
    3.424913631434673,
    3.3148226379378563,
    3.1976471018931965,
    3.071334772004847,
    2.9333807911401606,
    2.7810104016944086,
    2.6113929065059125,
    2.421882136528335,
    2.2102740122917237,
    1.9750643222592426,
    1.7156824574551537,
    1.4326728791230516,
    1.1277979254793147,
    0.80404351231524,
    0.4655214624915896,
    0.11727534700928505,
    -0.2349923822879007,
    -0.585247431327588,
    -0.9274777570473725,
    -1.2560477853638996,
    -1.566026944805024,
    -1.8534675813561043,
    -2.1156080330921,
    -2.3509784875219815,
    -2.5593921066577012,
    -2.7418133697290528,
    -2.9001100455329856,
    -3.036713231411683,
    -3.1542280778018403,
    -3.255051350750775,
    -3.34105600766639,
    -3.4133943734470447,
    -3.472450580669339,
    -3.517943908494549,
    -3.549154711635686,
    -3.5652215492794594,
    -3.5654474850155,
    -3.5495568571693186,
    -3.5178585317020827,
    -3.471292691136458,
    -3.4113603126054852,
    -3.339953765613242,
    -3.2591212228068454,
    -3.170805658240894,
    -3.0766003217281344,
    -2.977556469174631,
    -2.874066907772682,
    -2.765833638814181,
    -2.6519139218362104,
    -2.530830270082153,
    -2.400727536546281,
    -2.259562515910056,
    -2.1053145844985,
    -1.9362064541530315,
    -1.7509211473207844,
    -1.5487966378055842,
    -1.3299765667891736,
    -1.0954967483104705,
    -0.8472934230846731,
    -0.5881288891131936,
    -0.3214408170430107,
    -0.051131213055546715,
    0.21868165399481984,
    0.48392094481918824,
    0.7407912685897119,
    0.9859786171992666,
    1.216796577806766,
    1.4312751149353444,
    1.628195538916614,
    1.8070772865441567,
    1.9681192042806435,
    2.1120939885918966,
    2.2401945537642054,
    2.353838489639671,
    2.454449822584894,
    2.5432500071560873,
    2.62109541550239,
    2.6883925791984615,
    2.7451063157762654,
    2.790855138308968,
    2.825069710046951,
    2.8471785267673164,
    2.8567823931021192,
    2.8537848684802496,
    2.8384574291634475,
    2.8114326953048874,
    2.7736335156186716,
    2.7261568789824766,
    2.6701371410137282,
    2.6066120572722897,
    2.536408798909514,
    2.460058504971106,
    2.377740736486535,
    2.289256291039287,
    2.194028737386153,
    2.091139476101959,
    1.9794040729614204,
    1.857495378245596,
    1.7241104803252538,
    1.5781663087914817
  ],