{
  "version": "v20.5",
  "e_half": [
    1.4106528941349268,
    2.7311902015104543,
    3.092568093963566
  ],
  "e_one": [
    3.734981632621542,
    6.159676189064962,
    6.853028712734602
  ],
  "ratio": 1.8361424118053318,
  "branch_a": true
}