{
  "version": "v21.1",
  "mg_extrap": [
    0.5499323365568763,
    0.7472713579591342,
    0.9178991529516195,
    0.48097976701957323
  ],
  "ratios": [
    1.3588423671133736,
    1.6691128925034333,
    0.8746162664865013
  ],
  "branch_a": false
}