{
  "version": "v22.1",
  "ratio_x9": 2.1822145940066404,
  "ratio_x16": 2.100088353584011,
  "gap_q1_x16_py": 5.1852047868934505,
  "branch_a": true
}