{
 "anchor_n10_q1_e0": -9.832162745084,
 "anchor_n10_q1_e1": -7.547930154800,
 "anchor_n10_q2_e0": -6.194527111679,
 "anchor_n10_q2_e1": -1.059632898566,
 "n64_x9_q1_e0": -345.685059986318,
 "n64_x9_q1_e1": -289.001743046194,
 "n64_x9_q1_gap": 56.683316940124,
 "n64_x9_q1_meff": 0.242379609017,
 "n64_x9_q2_e0": -305.453203753770,
 "n64_x9_q2_e1": -296.901329154352,
 "n64_x9_q2_gap": 8.551874599418,
 "n64_x9_q2_meff": 0.512365766439,
 "n64_x16_q1_e0": -627.210986170540,
 "n64_x16_q1_e1": -534.296849167858,
 "n64_x16_q1_gap": 92.914137002682,
 "n64_x16_q1_meff": 0.179940819203,
 "n64_x16_q2_e0": -582.298978271878,
 "n64_x16_q2_e1": -571.409590087975,
 "n64_x16_q2_gap": 10.889388183903,
 "n64_x16_q2_meff": 0.371292453390
}