{
  "version": "v22.4",
  "rows": [
    {
      "n": 12,
      "dgap": 0.4821467210215103,
      "r1": 0.9796577739574842,
      "r2": 1.7981797309019873,
      "valid": false
    },
    {
      "n": 16,
      "dgap": 0.3690734378537114,
      "r1": 0.9800592178427339,
      "r2": 0.8192691307866409,
      "valid": false
    }
  ],
  "pred": 0.8667,
  "branch_a": false
}