{
  "version": "v22.7",
  "r1_d15": 0.9999995708814963,
  "r1_d20": 0.9998819491766611,
  "r1_d25": 0.9999098895571605,
  "r1_d35": 0.4373583616296112,
  "r2_records": [
    {
      "d": 1.5,
      "r2": 0.8646299838082271
    },
    {
      "d": 2,
      "r2": 1.956956062078149
    },
    {
      "d": 2.5,
      "r2": -0.07091824280935723
    },
    {
      "d": 3.5,
      "r2": 0.00014355194564218837
    }
  ],
  "breakthrough": true
}