{
  "version": "v23.2",
  "rows": [
    {
      "d": 0.5,
      "diag": -0.0000032178923280812655,
      "xnn": -1.1145022312999304,
      "ynn": -0.7490490156697238,
      "znn": 2.861199849316523,
      "xnnn": 0.00000515641539096776,
      "tnnn": 0.000002201460804529143,
      "far": 0.002347257669263669
    },
    {
      "d": 1.5,
      "diag": -0.0008304351802410632,
      "xnn": 172.93822597412404,
      "ynn": -117.77611610973094,
      "znn": -48.1204813066263,
      "xnnn": 0.0008712165365712976,
      "tnnn": -0.0013489453134195796,
      "far": -6.040320393809721
    },
    {
      "d": 2.5,
      "diag": -0.10851530223298049,
      "xnn": -3776.8312127435725,
      "ynn": 3832.1883222061533,
      "znn": -252.56808341613996,
      "xnnn": 0.36653229580834157,
      "tnnn": -0.26101943856687726,
      "far": 198.21397639855095
    }
  ],
  "branch_a": true
}