{
  "version": "v23.3",
  "rows": [
    {
      "d": 0.5,
      "rho_x": 1.2140853825901587,
      "rho_y": 1.2097902857508627,
      "rho_z": 1.2305943906275227,
      "amp": 4.727108929723965,
      "r2_reconstructed_inv": 0.7925918692496837
    },
    {
      "d": 1.5,
      "rho_x": 1.1899351411163963,
      "rho_y": 1.2343453164408458,
      "rho_z": 1.2313328130643886,
      "amp": 344.8781943813212,
      "r2_reconstructed_inv": 0.8646424642421686
    },
    {
      "d": 2.5,
      "rho_x": 1.121392365764527,
      "rho_y": 1.1925289720011614,
      "rho_z": 1.380665769162579,
      "amp": 8060.537661801025,
      "r2_reconstructed_inv": -0.07129517046411107
    }
  ],
  "max_rho_dev": 0.380665769162579,
  "branch_a": false
}