{
  "version": "v24.2",
  "n16_s": 50.78283591102973,
  "n16_kappa_max": 54.487857669355535,
  "n16_ax": [
    18.28766498329866,
    15.56048830428765,
    13.205158672776035,
    10.570908830941663,
    7.9452482034963605,
    5.298195548320738,
    2.649893400153376
  ],
  "n16_bx": [
    -0.000000000000006873324276616671,
    -0.00000000000000188315779782092,
    -0.00000000000000033701695838926816,
    -0.00000000000000002282998788812432,
    -0.000000000000000000937816424323834,
    -0.00000000000000000001616903284502158,
    -0.0000000000000000000000966184603893801
  ],
  "n16_ky": [
    19.887733063165943,
    -16.181731563399584,
    14.132940711302114,
    -11.47220577049004,
    8.948935549121089,
    -6.387160551479062,
    3.83316078310482,
    -1.2776508171242047
  ],
  "n16_az": [
    -0.000000000000028079859047365833,
    -0.0000000000000014910158514313095,
    -0.000000000000002001985866957384,
    -0.00000000000000003858716292259182,
    -0.000000000000000007159610253492537,
    -0.000000000000000000022205027022574012,
    -0.0000000000000000000003887357582966789,
    0.000000000000000000000002580231723648969
  ],
  "n16_bz": [
    19.887733063199473,
    -16.181731563398646,
    14.132940711303458,
    -11.472205770490008,
    8.948935549121092,
    -6.387160551479061,
    3.8331607831048213,
    -1.2776508171242047
  ]
}