{
  "version": "v26.4",
  "kind": "c1_anisotropy_matrix",
  "c1_matrix_n64": [
    {
      "m": 0,
      "xx_qx": 0.018255056309653447,
      "yy_qx": -0.015564227653554226,
      "xx_qy": -0.015555934212547067,
      "yy_qy": 0.018325645106309265
    },
    {
      "m": 0.5,
      "xx_qx": 0.015952580392103316,
      "yy_qx": -0.012636827333384216,
      "xx_qy": -0.012636827333390213,
      "yy_qy": 0.01595258039212494
    }
  ]
}