{
  "version": "v26.5",
  "kind": "spin2_spin0_decomposition",
  "c1_n64": [
    {
      "m": 0,
      "xx_qy": -0.015555934212547067,
      "zz_qy": -0.015558114455037601,
      "spin2_plus": -0.01934840285416186,
      "spin0_trans": -0.011765645813422723
    },
    {
      "m": 0.5,
      "xx_qy": -0.012636827333390213,
      "zz_qy": -0.012636827333385248,
      "spin2_plus": -0.01444094454321493,
      "spin0_trans": -0.010832710123560255
    }
  ]
}