{
  "version": "v26.6",
  "kind": "grav_vacuum_pol_kernel",
  "spec": "paper/grav-vacuum-polarization-spec.md (157ca53)",
  "tadpole_n64": [
    {
      "m": 0,
      "e_x": -0.19896715401554288,
      "e_y": -0.19896669492838936,
      "e_z": -0.19896669492838923
    },
    {
      "m": 0.5,
      "e_x": -0.18319508699940812,
      "e_y": -0.1831950869994078,
      "e_z": -0.1831950869994077
    }
  ],
  "c1_chi_units_n64": [
    {
      "m": 0,
      "D_spin2": -0.01934840285416186,
      "S_p0s": -0.011765645813422723,
      "L_longitudinal": 0.018325645106309265,
      "SL_mixing": 0.0018670774923195575,
      "R_long_over_spin2": 0.947139939375792
    },
    {
      "m": 0.5,
      "D_spin2": -0.01444094454321493,
      "S_p0s": -0.010832710123560255,
      "L_longitudinal": 0.01595258039212494,
      "SL_mixing": 0.002337761974854502,
      "R_long_over_spin2": 1.1046770759617834
    }
  ],
  "khat_ll_q0_n64": [
    -0.12563223275771693,
    -0.11921677858810033
  ]
}