{
  "version": "v26.7-II",
  "kind": "spectral_measure_pole_search",
  "q_phys": 0.39269908169872414,
  "w1_scaling": [
    {
      "m": 0,
      "w1_D_by_n": [
        0.000020287087749612854,
        0.0000000000000000000000000000000000004803437040071224,
        0.000000000000000000000000000000000000020575876131701782
      ],
      "s_min_by_n": [
        0.39016628426544603,
        0.1906703741709744,
        0.16187148163303963
      ]
    },
    {
      "m": 0.5,
      "w1_D_by_n": [
        0.000059434288075681264,
        0.000000984969004293466,
        0.00000003161934910562406
      ],
      "s_min_by_n": [
        1.4301379717226463,
        1.1906703741710833,
        1.161871481633273
      ]
    }
  ]
}